<?xml version="1.0" encoding="UTF-8"?>
<project-private xmlns="http://www.netbeans.org/ns/project-private/1">
    <editor-bookmarks xmlns="http://www.netbeans.org/ns/editor-bookmarks/2" lastBookmarkId="0"/>
    <open-files xmlns="http://www.netbeans.org/ns/projectui-open-files/2">
        <group>
            <file>file:/E:/OOPs%20CA1/HealthyLifeApp/src/SleepApp/SleepGUI.java</file>
            <file>file:/E:/OOPs%20CA1/HealthyLifeApp/src/SleepApp/SleepApp.java</file>
            <file>file:/E:/OOPs%20CA1/HealthyLifeApp/src/SleepApp/SleepManager.java</file>
            <file>file:/E:/OOPs%20CA1/HealthyLifeApp/src/mainmenu/MainMenuGUI.java</file>
        </group>
    </open-files>
</project-private>
